ExChangeId,ChannelNo,SeqNo,SecurityID,Trade2_Order1,TradeDate,UpdateTime,Price,Volume,TrdMoney,OrdSide,OrdType,TrdBSFlag,TrdBuyNo,TrdSellNo
1,1,17480,510100,2,20201103,92500270,1.254000,100,125.400000,-,-,N,104688,82802
1,1,17481,510100,2,20201103,92500270,1.254000,100,125.400000,-,-,N,104688,131848
1,1,25300,510100,2,20201103,93001500,1.254000,67000,84018.000000,-,-,B,160924,131848
1,1,29558,510100,2,20201103,93002600,1.254000,500,627.000000,-,-,S,160924,176310
1,1,33095,510100,2,20201103,93003680,1.255000,500,627.500000,-,-,B,188822,77385
1,1,35228,510100,2,20201103,93004540,1.255000,600,753.000000,-,-,S,188822,195711
1,1,42627,510100,2,20201103,93009270,1.257000,100,125.700000,-,-,B,215188,102762
1,1,43695,510100,2,20201103,93009800,1.257000,500,628.500000,-,-,S,215188,217845
1,1,45588,510100,2,20201103,93011330,1.257000,250000,314250.000000,-,-,B,222668,220636
1,1,47492,510100,2,20201103,93012960,1.256000,500,628.000000,-,-,S,224888,227911
1,1,68677,510100,2,20201103,93038090,1.258000,1000,1258.000000,-,-,B,264831,26235
1,1,68678,510100,2,20201103,93038090,1.258000,200,251.600000,-,-,B,264831,108974
1,1,68679,510100,2,20201103,93038090,1.258000,1200,1509.600000,-,-,B,264831,228930
1,1,68680,510100,2,20201103,93038090,1.258000,500,629.000000,-,-,B,264831,256093
1,1,100082,510100,2,20201103,93115730,1.257000,24400,30670.800000,-,-,B,316416,267721
1,1,100083,510100,2,20201103,93115730,1.257000,20000,25140.000000,-,-,B,316416,274898
1,1,146967,510100,2,20201103,93217950,1.257000,500,628.500000,-,-,S,335616,392356
1,1,166805,510100,2,20201103,93248560,1.257000,200,251.400000,-,-,B,425812,423750
1,1,166818,510100,2,20201103,93248590,1.257000,3000,3771.000000,-,-,S,425812,425853
1,1,176806,510100,2,20201103,93304100,1.257000,4000,5028.000000,-,-,S,440064,443022
1,1,184195,510100,2,20201103,93314320,1.259000,100,125.900000,-,-,B,454969,329999
1,1,184196,510100,2,20201103,93314320,1.259000,200,251.800000,-,-,B,454969,380686
1,1,211961,510100,2,20201103,93400460,1.256000,10000,12560.000000,-,-,S,490549,502201
1,1,223755,510100,2,20201103,93418780,1.256000,200,251.200000,-,-,S,490549,520950
1,1,249202,510100,2,20201103,93506400,1.256000,10000,12560.000000,-,-,S,490549,566408
1,1,261953,510100,2,20201103,93526030,1.257000,9200,11564.400000,-,-,S,568118,587426
1,1,267762,510100,2,20201103,93535680,1.259000,5000,6295.000000,-,-,B,597243,393212
1,1,267763,510100,2,20201103,93535680,1.259000,100,125.900000,-,-,B,597243,399813
1,1,267764,510100,2,20201103,93535680,1.259000,2000,2518.000000,-,-,B,597243,565501
1,1,267765,510100,2,20201103,93535680,1.259000,10400,13093.600000,-,-,B,597243,573936
1,1,276582,510100,2,20201103,93550340,1.259000,2200,2769.800000,-,-,B,611598,573936
1,1,277636,510100,2,20201103,93551930,1.260000,2200,2772.000000,-,-,B,613308,167353
1,1,310019,510100,2,20201103,93638990,1.259000,250100,314875.900000,-,-,S,655036,665568
1,1,310224,510100,2,20201103,93639370,1.259000,250100,314875.900000,-,-,B,666042,665568
1,1,312769,510100,2,20201103,93643240,1.260000,200,252.000000,-,-,B,669966,167353
1,1,313738,510100,2,20201103,93645150,1.260000,100,126.000000,-,-,B,671754,167353
1,1,315719,510100,2,20201103,93648240,1.259000,300,377.700000,-,-,S,671470,674873
1,1,317181,510100,2,20201103,93650620,1.260000,2200,2772.000000,-,-,B,677300,167353
1,1,322702,510100,2,20201103,93659310,1.260000,1900,2394.000000,-,-,B,686135,167353
1,1,323151,510100,2,20201103,93700190,1.260000,1000,1260.000000,-,-,B,686942,167353
1,1,323706,510100,2,20201103,93701040,1.260000,900,1134.000000,-,-,B,687862,167353
1,1,323707,510100,2,20201103,93701040,1.260000,1000,1260.000000,-,-,B,687862,361102
1,1,325005,510100,2,20201103,93702710,1.260000,1000,1260.000000,-,-,B,689539,361102
1,1,325006,510100,2,20201103,93702710,1.260000,800,1008.000000,-,-,B,689539,540207
1,1,327615,510100,2,20201103,93707030,1.260000,9200,11592.000000,-,-,B,694037,540207
1,1,327616,510100,2,20201103,93707030,1.260000,500,630.000000,-,-,B,694037,559563
1,1,327617,510100,2,20201103,93707030,1.260000,3000,3780.000000,-,-,B,694037,654372
1,1,335423,510100,2,20201103,93720860,1.260000,500,630.000000,-,-,S,694037,707602
1,1,363737,510100,2,20201103,93814990,1.260000,9000,11340.000000,-,-,S,694037,758966
1,1,376679,510100,2,20201103,93839410,1.260000,50000,63000.000000,-,-,S,764523,781116
1,1,380146,510100,2,20201103,93845950,1.260000,100,126.000000,-,-,S,774552,786638
1,1,391540,510100,2,20201103,93908000,1.261000,200,252.200000,-,-,B,805987,200036
1,1,391541,510100,2,20201103,93908000,1.261000,10000,12610.000000,-,-,B,805987,447332
1,1,391542,510100,2,20201103,93908000,1.261000,1000,1261.000000,-,-,B,805987,729055
1,1,391543,510100,2,20201103,93908000,1.261000,1200,1513.200000,-,-,B,805987,742903
1,1,398209,510100,2,20201103,93920740,1.261000,1500,1891.500000,-,-,S,805987,817516
1,1,413765,510100,2,20201103,93952930,1.261000,5000,6305.000000,-,-,S,805987,845417
1,1,433190,510100,2,20201103,94024680,1.261000,2000,2522.000000,-,-,S,805987,876482
1,1,433449,510100,2,20201103,94025150,1.261000,129100,162795.100000,-,-,S,805987,876936
1,1,433450,510100,2,20201103,94025150,1.261000,250000,315250.000000,-,-,S,808337,876936
1,1,433451,510100,2,20201103,94025150,1.261000,800,1008.800000,-,-,S,856423,876936
1,1,465286,510100,2,20201103,94123660,1.260000,100,126.000000,-,-,S,780931,928094
1,1,465287,510100,2,20201103,94123660,1.260000,20000,25200.000000,-,-,S,793723,928094
1,1,465288,510100,2,20201103,94123660,1.260000,250000,315000.000000,-,-,S,914233,928094
1,1,481282,510100,2,20201103,94158110,1.259000,1000,1259.000000,-,-,S,954216,955352
1,1,527778,510100,2,20201103,94344800,1.261000,100,126.100000,-,-,B,1034460,886502
1,1,826053,510100,2,20201103,95434430,1.259000,400,503.600000,-,-,S,1036254,1502872
1,1,826054,510100,2,20201103,95434430,1.259000,100,125.900000,-,-,S,1404045,1502872
1,1,853899,510100,2,20201103,95537490,1.258000,8000,10064.000000,-,-,S,1541249,1550573
1,1,854508,510100,2,20201103,95539070,1.258000,10000,12580.000000,-,-,S,1541249,1551531
1,1,874380,510100,2,20201103,95629600,1.259000,1200,1510.800000,-,-,B,1585276,1553624
1,1,886110,510100,2,20201103,95700690,1.259000,248800,313239.200000,-,-,B,1603748,1553624
1,1,886111,510100,2,20201103,95700690,1.259000,21500,27068.500000,-,-,B,1603748,1571535
1,1,886928,510100,2,20201103,95702710,1.259000,250000,314750.000000,-,-,B,1604975,1604146
1,1,890329,510100,2,20201103,95711840,1.260000,500,630.000000,-,-,B,1610937,1457207
1,1,914552,510100,2,20201103,95821100,1.259000,8000,10072.000000,-,-,S,1606496,1651215
1,1,920174,510100,2,20201103,95838860,1.259000,10000,12590.000000,-,-,S,1606496,1661611
1,1,920634,510100,2,20201103,95840240,1.260000,3500,4410.000000,-,-,B,1662374,1457207
1,1,920635,510100,2,20201103,95840240,1.260000,10300,12978.000000,-,-,B,1662374,1629451
1,1,920636,510100,2,20201103,95840240,1.260000,100,126.000000,-,-,B,1662374,1637207
1,1,947181,510100,2,20201103,95957570,1.260000,1000,1260.000000,-,-,S,1668495,1706807
1,1,957705,510100,2,20201103,100019150,1.260000,9000,11340.000000,-,-,S,1668495,1723610
1,1,957706,510100,2,20201103,100019150,1.260000,250000,315000.000000,-,-,S,1718938,1723610
1,1,975054,510100,2,20201103,100053170,1.260000,4200,5292.000000,-,-,B,1750823,1738766
1,1,1001575,510100,2,20201103,100200760,1.260000,3900,4914.000000,-,-,B,1795655,1793321
1,1,1016981,510100,2,20201103,100239660,1.261000,300,378.300000,-,-,B,1820579,1066127
1,1,1016982,510100,2,20201103,100239660,1.261000,4200,5296.200000,-,-,B,1820579,1416778
1,1,1016983,510100,2,20201103,100239660,1.261000,200,252.200000,-,-,B,1820579,1445381
1,1,1016984,510100,2,20201103,100239660,1.261000,25000,31525.000000,-,-,B,1820579,1492957
1,1,1016985,510100,2,20201103,100239660,1.261000,2000,2522.000000,-,-,B,1820579,1751536
1,1,1050100,510100,2,20201103,100426910,1.259000,1000,1259.000000,-,-,S,1845178,1879655
1,1,1068750,510100,2,20201103,100534860,1.261000,200,252.200000,-,-,B,1913073,1887523
1,1,1068751,510100,2,20201103,100534860,1.261000,100,126.100000,-,-,B,1913073,1910548
1,1,1090644,510100,2,20201103,100628200,1.259000,10000,12590.000000,-,-,S,1924397,1938644
1,1,1107391,510100,2,20201103,100721310,1.260000,800,1008.000000,-,-,S,1959244,1964849
1,1,1129419,510100,2,20201103,100836490,1.262000,1000,1262.000000,-,-,B,2000569,475916
1,1,1129420,510100,2,20201103,100836490,1.262000,1000,1262.000000,-,-,B,2000569,891248
1,1,1136394,510100,2,20201103,100856580,1.261000,20000,25220.000000,-,-,B,2010656,2001530
1,1,1154172,510100,2,20201103,100956900,1.261000,2000,2522.000000,-,-,S,2013306,2039794
1,1,1165974,510100,2,20201103,101021320,1.261000,54600,68850.600000,-,-,S,2013306,2056462
1,1,1172250,510100,2,20201103,101036710,1.262000,4000,5048.000000,-,-,B,2065971,891248
1,1,1172251,510100,2,20201103,101036710,1.262000,2000,2524.000000,-,-,B,2065971,1303026
1,1,1172252,510100,2,20201103,101036710,1.262000,4000,5048.000000,-,-,B,2065971,1675471
1,1,1186387,510100,2,20201103,101109100,1.261000,80100,101006.100000,-,-,S,2079407,2086369
1,1,1190339,510100,2,20201103,101118690,1.261000,169900,214243.900000,-,-,S,2079407,2092529
1,1,1307398,510100,2,20201103,101922800,1.259000,2000,2518.000000,-,-,S,2018631,2294910
1,1,1307399,510100,2,20201103,101922800,1.259000,2000,2518.000000,-,-,S,2128518,2294910
1,1,1320551,510100,2,20201103,102013640,1.259000,300,377.700000,-,-,S,2128518,2316217
1,1,1340276,510100,2,20201103,102127420,1.261000,400,504.400000,-,-,B,2348422,2231021
1,1,1391164,510100,2,20201103,102518340,1.261000,400,504.400000,-,-,B,2430788,2231021
1,1,1394484,510100,2,20201103,102535120,1.260000,400,504.000000,-,-,S,2342042,2436642
1,1,1404843,510100,2,20201103,102625140,1.260000,2400,3024.000000,-,-,B,2454223,2436642
1,1,1417577,510100,2,20201103,102726190,1.260000,2200,2772.000000,-,-,B,2475564,2436642
1,1,1424049,510100,2,20201103,102758270,1.259000,1600,2014.400000,-,-,S,2128518,2486289
1,1,1433361,510100,2,20201103,102830210,1.261000,8900,11222.900000,-,-,B,2497927,2231021
1,1,1433362,510100,2,20201103,102830210,1.261000,500,630.500000,-,-,B,2497927,2317469
1,1,1433363,510100,2,20201103,102830210,1.261000,5000,6305.000000,-,-,B,2497927,2404257
1,1,1433364,510100,2,20201103,102830210,1.261000,1400,1765.400000,-,-,B,2497927,2434531
1,1,1458076,510100,2,20201103,103006690,1.262000,4100,5174.200000,-,-,B,2534595,1675471
1,1,1458077,510100,2,20201103,103006690,1.262000,900,1135.800000,-,-,B,2534595,1839739
1,1,1458078,510100,2,20201103,103006690,1.262000,200,252.400000,-,-,B,2534595,1971747
1,1,1473255,510100,2,20201103,103046750,1.263000,43200,54561.600000,-,-,B,2555709,775556
1,1,1473256,510100,2,20201103,103046750,1.263000,4000,5052.000000,-,-,B,2555709,1793197
1,1,1473257,510100,2,20201103,103046750,1.263000,250000,315750.000000,-,-,B,2555709,2527106
1,1,1511556,510100,2,20201103,103302200,1.264000,16000,20224.000000,-,-,B,2614963,1734187
1,1,1511557,510100,2,20201103,103302200,1.264000,2000,2528.000000,-,-,B,2614963,2599275
1,1,1514325,510100,2,20201103,103314810,1.264000,500,632.000000,-,-,B,2619832,2617828
1,1,1524869,510100,2,20201103,103359320,1.264000,7700,9732.800000,-,-,B,2637146,2632144
1,1,1524870,510100,2,20201103,103359320,1.265000,5000,6325.000000,-,-,B,2637146,680678
1,1,1524871,510100,2,20201103,103359320,1.265000,100,126.500000,-,-,B,2637146,790006
1,1,1524872,510100,2,20201103,103359320,1.265000,8600,10879.000000,-,-,B,2637146,810651
1,1,1524873,510100,2,20201103,103359320,1.265000,5000,6325.000000,-,-,B,2637146,1110596
1,1,1524874,510100,2,20201103,103359320,1.265000,1300,1644.500000,-,-,B,2637146,2105933
1,1,1524875,510100,2,20201103,103359320,1.265000,700,885.500000,-,-,B,2637146,2152875
1,1,1524876,510100,2,20201103,103359320,1.265000,11600,14674.000000,-,-,B,2637146,2622289
1,1,1537461,510100,2,20201103,103453230,1.264000,600,758.400000,-,-,S,2657753,2658288
1,1,1596573,510100,2,20201103,103834360,1.265000,500,632.500000,-,-,S,2742737,2750151
1,1,1599516,510100,2,20201103,103848590,1.265000,100,126.500000,-,-,S,2742737,2755466
1,1,1600790,510100,2,20201103,103854390,1.265000,10000,12650.000000,-,-,S,2742737,2757616
1,1,1604235,510100,2,20201103,103909990,1.266000,500,633.000000,-,-,B,2763486,924692
1,1,1604236,510100,2,20201103,103909990,1.266000,7300,9241.800000,-,-,B,2763486,2221650
1,1,1604237,510100,2,20201103,103909990,1.266000,200,253.200000,-,-,B,2763486,2612450
1,1,1604238,510100,2,20201103,103909990,1.266000,400,506.400000,-,-,B,2763486,2706680
1,1,1604239,510100,2,20201103,103909990,1.266000,250000,316500.000000,-,-,B,2763486,2756195
1,1,1610945,510100,2,20201103,103942010,1.266000,10000,12660.000000,-,-,S,2763486,2775116
1,1,1635568,510100,2,20201103,104032920,1.267000,200,253.400000,-,-,B,2804162,806824
1,1,1635569,510100,2,20201103,104032920,1.267000,10000,12670.000000,-,-,B,2804162,2713017
1,1,1652704,510100,2,20201103,104125100,1.268000,900,1141.200000,-,-,B,2827999,36016
1,1,1652705,510100,2,20201103,104125100,1.268000,200,253.600000,-,-,B,2827999,265796
1,1,1652706,510100,2,20201103,104125100,1.268000,2000,2536.000000,-,-,B,2827999,2740336
1,1,1652707,510100,2,20201103,104125100,1.268000,5000,6340.000000,-,-,B,2827999,2748423
1,1,1653393,510100,2,20201103,104127390,1.268000,2000,2536.000000,-,-,S,2827999,2829006
1,1,1654117,510100,2,20201103,104129790,1.268000,500,634.000000,-,-,S,2827999,2830205
1,1,1657965,510100,2,20201103,104141240,1.268000,381100,483234.800000,-,-,S,2827999,2836176
1,1,1658025,510100,2,20201103,104141420,1.268000,123300,156344.400000,-,-,S,2827999,2836295
1,1,1678882,510100,2,20201103,104304380,1.267000,2000,2534.000000,-,-,S,2856139,2873119
1,1,1679861,510100,2,20201103,104308040,1.268000,500,634.000000,-,-,B,2874516,2854402
1,1,1707889,510100,2,20201103,104511200,1.267000,4000,5068.000000,-,-,S,2872889,2921112
1,1,1725657,510100,2,20201103,104626630,1.267000,100,126.700000,-,-,S,2951798,2952029
1,1,1736695,510100,2,20201103,104711230,1.268000,2300,2916.400000,-,-,B,2970016,2854402
1,1,1736696,510100,2,20201103,104711230,1.268000,1300,1648.400000,-,-,B,2970016,2858313
1,1,1736697,510100,2,20201103,104711230,1.268000,5000,6340.000000,-,-,B,2970016,2882367
1,1,1736698,510100,2,20201103,104711230,1.268000,100,126.800000,-,-,B,2970016,2889949
1,1,1736699,510100,2,20201103,104711230,1.268000,400,507.200000,-,-,B,2970016,2892050
1,1,1736700,510100,2,20201103,104711230,1.268000,600,760.800000,-,-,B,2970016,2957397
1,1,1736701,510100,2,20201103,104711230,1.268000,100,126.800000,-,-,B,2970016,2959556
1,1,1738362,510100,2,20201103,104716550,1.267000,200,253.400000,-,-,S,2951798,2972543
1,1,1738671,510100,2,20201103,104717620,1.267000,9700,12289.900000,-,-,S,2951798,2972883
1,1,1763473,510100,2,20201103,104907660,1.268000,3000,3804.000000,-,-,S,2987743,3013298
1,1,1794985,510100,2,20201103,105126400,1.269000,100,126.900000,-,-,B,3066803,61112
1,1,1805962,510100,2,20201103,105220710,1.267000,200,253.400000,-,-,S,3064322,3085782
1,1,1822776,510100,2,20201103,105338270,1.268000,500,634.000000,-,-,B,3111025,3087611
1,1,1827720,510100,2,20201103,105405050,1.268000,1000,1268.000000,-,-,S,3111826,3119388
1,1,1834257,510100,2,20201103,105433360,1.269000,700,888.300000,-,-,B,3128550,61112
1,1,1844311,510100,2,20201103,105508750,1.269000,200,253.800000,-,-,B,3140137,61112
1,1,1844312,510100,2,20201103,105508750,1.269000,50000,63450.000000,-,-,B,3140137,299128
1,1,1844313,510100,2,20201103,105508750,1.269000,3000,3807.000000,-,-,B,3140137,1090953
1,1,1844314,510100,2,20201103,105508750,1.269000,50000,63450.000000,-,-,B,3140137,2666280
1,1,1844315,510100,2,20201103,105508750,1.269000,100,126.900000,-,-,B,3140137,3081840
1,1,1866322,510100,2,20201103,105649830,1.269000,100,126.900000,-,-,B,3176646,3169325
1,1,1867238,510100,2,20201103,105653920,1.268000,11300,14328.400000,-,-,S,3161182,3177994
1,1,1882753,510100,2,20201103,105807500,1.268000,19500,24726.000000,-,-,S,3161182,3201962
1,1,1885665,510100,2,20201103,105816480,1.269000,900,1142.100000,-,-,B,3205090,3186856
1,1,1889946,510100,2,20201103,105830100,1.270000,100,127.000000,-,-,B,3211041,234196
1,1,1889947,510100,2,20201103,105830100,1.270000,400,508.000000,-,-,B,3211041,273702
1,1,1889948,510100,2,20201103,105830100,1.270000,1100,1397.000000,-,-,B,3211041,1042885
1,1,1889949,510100,2,20201103,105830100,1.270000,700,889.000000,-,-,B,3211041,1662838
1,1,1889950,510100,2,20201103,105830100,1.270000,3000,3810.000000,-,-,B,3211041,2643257
1,1,1889951,510100,2,20201103,105830100,1.270000,100,127.000000,-,-,B,3211041,2826564
1,1,1889952,510100,2,20201103,105830100,1.270000,200,254.000000,-,-,B,3211041,2907624
1,1,1891233,510100,2,20201103,105833650,1.269000,3900,4949.100000,-,-,S,3205090,3212524
1,1,1891597,510100,2,20201103,105835130,1.270000,3400,4318.000000,-,-,B,3213153,2907624
1,1,1891598,510100,2,20201103,105835130,1.270000,5000,6350.000000,-,-,B,3213153,3114246
1,1,1891599,510100,2,20201103,105835130,1.270000,600,762.000000,-,-,B,3213153,3194023
1,1,1901932,510100,2,20201103,105917890,1.270000,2400,3048.000000,-,-,B,3228685,3194023
1,1,1901933,510100,2,20201103,105917890,1.270000,2300,2921.000000,-,-,B,3228685,3219471
1,1,1907901,510100,2,20201103,105951670,1.269000,1900,2411.100000,-,-,S,3205090,3239837
1,1,1912019,510100,2,20201103,110006810,1.270000,1000,1270.000000,-,-,B,3246197,3240932
1,1,1929006,510100,2,20201103,110103090,1.270000,1100,1397.000000,-,-,B,3273735,3253592
1,1,1932802,510100,2,20201103,110118690,1.269000,200,253.800000,-,-,S,3223090,3280417
1,1,1932803,510100,2,20201103,110118690,1.269000,20600,26141.400000,-,-,S,3259684,3280417
1,1,1942404,510100,2,20201103,110207240,1.270000,30000,38100.000000,-,-,B,3297865,3277802
1,1,1943809,510100,2,20201103,110214580,1.269000,250000,317250.000000,-,-,B,3300582,3298713
1,1,1943882,510100,2,20201103,110215030,1.269000,250000,317250.000000,-,-,B,3300730,3298713
1,1,1971403,510100,2,20201103,110439660,1.267000,20800,26353.600000,-,-,S,3259042,3348965
1,1,1989178,510100,2,20201103,110623940,1.267000,1000,1267.000000,-,-,S,3337727,3379944
1,1,1997746,510100,2,20201103,110711150,1.267000,5000,6335.000000,-,-,S,3337727,3394488
1,1,2006055,510100,2,20201103,110757900,1.267000,24000,30408.000000,-,-,S,3337727,3408184
1,1,2016068,510100,2,20201103,110852490,1.265000,8000,10120.000000,-,-,S,3392151,3425561
1,1,2022070,510100,2,20201103,110922880,1.265000,100,126.500000,-,-,S,3430220,3435033
1,1,2022934,510100,2,20201103,110927290,1.265000,5000,6325.000000,-,-,S,3430220,3436308
1,1,2024554,510100,2,20201103,110937510,1.265000,2200,2783.000000,-,-,S,3430220,3439501
1,1,2056237,510100,2,20201103,111212260,1.268000,400,507.200000,-,-,B,3492343,3469562
1,1,2057558,510100,2,20201103,111219960,1.265000,2000,2530.000000,-,-,S,3441383,3494548
1,1,2062087,510100,2,20201103,111250340,1.266000,1300,1645.800000,-,-,S,3500318,3502561
1,1,2083534,510100,2,20201103,111525940,1.267000,10000,12670.000000,-,-,S,3536524,3541177
1,1,2118124,510100,2,20201103,111955050,1.265000,4000,5060.000000,-,-,S,3572470,3602388
1,1,2122241,510100,2,20201103,112015950,1.265000,246100,311316.500000,-,-,S,3572470,3609207
1,1,2122242,510100,2,20201103,112015950,1.265000,4000,5060.000000,-,-,S,3602491,3609207
1,1,2122393,510100,2,20201103,112016350,1.265000,250100,316376.500000,-,-,B,3609458,3609207
1,1,2122770,510100,2,20201103,112017590,1.266000,4900,6203.400000,-,-,B,3609973,3608048
1,1,2122859,510100,2,20201103,112018240,1.266000,4000,5064.000000,-,-,B,3610171,3608048
1,1,2157801,510100,2,20201103,112252770,1.262000,20000,25240.000000,-,-,S,3629183,3664460
1,1,2159279,510100,2,20201103,112301250,1.263000,500,631.500000,-,-,B,3667098,3660484
1,1,2168077,510100,2,20201103,112358800,1.262000,250000,315500.000000,-,-,S,3681739,3682364
1,1,2168531,510100,2,20201103,112401830,1.262000,250100,315626.200000,-,-,B,3683206,3682710
1,1,2168596,510100,2,20201103,112402240,1.262000,19500,24609.000000,-,-,B,3683336,3682710
1,1,2168597,510100,2,20201103,112402240,1.262000,230600,291017.200000,-,-,B,3683336,3683220
1,1,2168695,510100,2,20201103,112402850,1.262000,19400,24482.800000,-,-,B,3683476,3683220
1,1,2168736,510100,2,20201103,112403300,1.262000,230700,291143.400000,-,-,S,3683476,3683583
1,1,2168839,510100,2,20201103,112403760,1.262000,250100,315626.200000,-,-,B,3683715,3683583
1,1,2182519,510100,2,20201103,112535210,1.262000,300,378.600000,-,-,S,3706781,3706798
1,1,2182520,510100,2,20201103,112535210,1.261000,500,630.500000,-,-,S,2687773,3706798
1,1,2184121,510100,2,20201103,112544530,1.261000,4500,5674.500000,-,-,S,2687773,3709053
1,1,2184122,510100,2,20201103,112544530,1.261000,200,252.200000,-,-,S,2804748,3709053
1,1,2184123,510100,2,20201103,112544530,1.261000,300,378.300000,-,-,S,3214929,3709053
1,1,2192052,510100,2,20201103,112637670,1.262000,2200,2776.400000,-,-,B,3721831,3707156
1,1,2198833,510100,2,20201103,112721750,1.262000,250100,315626.200000,-,-,S,3730098,3732713
1,1,2198921,510100,2,20201103,112722290,1.262000,79100,99824.200000,-,-,B,3732875,3732713
1,1,2199015,510100,2,20201103,112722840,1.262000,171000,215802.000000,-,-,S,3732875,3733001
1,1,2206783,510100,2,20201103,112819750,1.262000,24000,30288.000000,-,-,B,3746506,3734525
1,1,2209096,510100,2,20201103,112840300,1.263000,5800,7325.400000,-,-,B,3750589,3741128
1,1,2221044,510100,2,20201103,130001240,1.264000,100,126.400000,-,-,B,3776059,3641286
1,1,2221045,510100,2,20201103,130001240,1.264000,7400,9353.600000,-,-,B,3776059,3759342
1,1,2223280,510100,2,20201103,130002230,1.264000,1000,1264.000000,-,-,B,3783645,3759342
1,1,2223346,510100,2,20201103,130002280,1.264000,1600,2022.400000,-,-,B,3783858,3759342
1,1,2230430,510100,2,20201103,130009490,1.262000,300,378.600000,-,-,S,3792600,3806253
1,1,2244521,510100,2,20201103,130059490,1.261000,1700,2143.700000,-,-,S,3214929,3826952
1,1,2254709,510100,2,20201103,130159920,1.262000,250100,315626.200000,-,-,S,3840102,3842806
1,1,2255565,510100,2,20201103,130204930,1.262000,250100,315626.200000,-,-,S,3842916,3844291
1,1,2255644,510100,2,20201103,130205290,1.262000,250100,315626.200000,-,-,B,3844455,3844291
1,1,2256073,510100,2,20201103,130207920,1.262000,250100,315626.200000,-,-,S,3844815,3845303
1,1,2256415,510100,2,20201103,130209960,1.262000,250100,315626.200000,-,-,S,3845469,3845871
1,1,2265536,510100,2,20201103,130307400,1.261000,78600,99114.600000,-,-,S,3846525,3861563
1,1,2274272,510100,2,20201103,130357680,1.260000,500,630.000000,-,-,S,2706114,3875760
1,1,2274273,510100,2,20201103,130357680,1.260000,1500,1890.000000,-,-,S,3845893,3875760
1,1,2291901,510100,2,20201103,130548270,1.262000,7900,9969.800000,-,-,B,3905991,3883839
1,1,2317333,510100,2,20201103,130822970,1.261000,250100,315376.100000,-,-,B,3948011,3918057
1,1,2317394,510100,2,20201103,130823310,1.261000,49900,62923.900000,-,-,B,3948116,3918057
1,1,2317395,510100,2,20201103,130823310,1.261000,176000,221936.000000,-,-,B,3948116,3930085
1,1,2319041,510100,2,20201103,130833180,1.261000,2400,3026.400000,-,-,S,3948706,3950710
1,1,2319042,510100,2,20201103,130833180,1.261000,1700,2143.700000,-,-,S,3949945,3950710
1,1,2327578,510100,2,20201103,130924270,1.260000,80000,100800.000000,-,-,S,3845893,3965096
1,1,2364139,510100,2,20201103,131234550,1.261000,800,1008.800000,-,-,B,4026211,3973143
1,1,2364670,510100,2,20201103,131238100,1.260000,17900,22554.000000,-,-,S,3845893,4027144
1,1,2366080,510100,2,20201103,131247260,1.261000,221200,278933.200000,-,-,B,4029762,3973143
1,1,2366081,510100,2,20201103,131247260,1.261000,28900,36442.900000,-,-,B,4029762,3992099
1,1,2366146,510100,2,20201103,131247780,1.261000,250100,315376.100000,-,-,B,4029887,3992099
1,1,2366202,510100,2,20201103,131248310,1.261000,121000,152581.000000,-,-,B,4030035,3992099
1,1,2366936,510100,2,20201103,131252490,1.261000,8000,10088.000000,-,-,S,4031312,4031327
1,1,2370564,510100,2,20201103,131312380,1.261000,231200,291543.200000,-,-,S,4031312,4037514
1,1,2373484,510100,2,20201103,131332910,1.261000,250100,315376.100000,-,-,B,4043089,4043088
1,1,2373505,510100,2,20201103,131333160,1.261000,250100,315376.100000,-,-,B,4043151,4043088
1,1,2376837,510100,2,20201103,131359470,1.261000,100,126.100000,-,-,B,4049588,4048157
1,1,2429895,510100,2,20201103,131936040,1.261000,2000,2522.000000,-,-,B,4141286,4116998
1,1,2442298,510100,2,20201103,132039740,1.261000,6000,7566.000000,-,-,B,4161930,4116998
1,1,2442299,510100,2,20201103,132039740,1.261000,244100,307810.100000,-,-,B,4161930,4121886
1,1,2442341,510100,2,20201103,132040080,1.261000,67900,85621.900000,-,-,B,4162016,4121886
1,1,2442342,510100,2,20201103,132040080,1.261000,182200,229754.200000,-,-,B,4162016,4126402
1,1,2442587,510100,2,20201103,132040750,1.261000,129800,163677.800000,-,-,B,4162326,4126402
1,1,2445485,510100,2,20201103,132051800,1.261000,14500,18284.500000,-,-,S,4162326,4166889
1,1,2462936,510100,2,20201103,132228340,1.262000,100,126.200000,-,-,B,4195774,3908932
1,1,2467582,510100,2,20201103,132259910,1.262000,19900,25113.800000,-,-,B,4204086,3908932
1,1,2467583,510100,2,20201103,132259910,1.262000,400000,504800.000000,-,-,B,4204086,4185670
1,1,2498122,510100,2,20201103,132640970,1.263000,250100,315876.300000,-,-,B,4257889,4228508
1,1,2498268,510100,2,20201103,132641360,1.263000,149900,189323.700000,-,-,B,4258024,4228508
1,1,2546315,510100,2,20201103,133124730,1.264000,5000,6320.000000,-,-,B,4337080,4334443
1,1,2576036,510100,2,20201103,133358570,1.263000,1000,1263.000000,-,-,S,4295411,4383277
1,1,2576037,510100,2,20201103,133358570,1.263000,100,126.300000,-,-,S,4379706,4383277
1,1,2576236,510100,2,20201103,133359500,1.263000,1900,2399.700000,-,-,B,4383553,4383277
1,1,2576821,510100,2,20201103,133403370,1.264000,800,1011.200000,-,-,B,4384660,4381420
1,1,2576822,510100,2,20201103,133403370,1.264000,200,252.800000,-,-,B,4384660,4382542
1,1,2578318,510100,2,20201103,133412700,1.264000,100,126.400000,-,-,B,4387502,4382542
1,1,2591872,510100,2,20201103,133537010,1.262000,100,126.200000,-,-,S,4204696,4410890
1,1,2591873,510100,2,20201103,133537010,1.262000,20000,25240.000000,-,-,S,4390167,4410890
1,1,2594129,510100,2,20201103,133552340,1.261000,4800,6052.800000,-,-,S,4387271,4414840
1,1,2595554,510100,2,20201103,133601950,1.262000,250100,315626.200000,-,-,S,4416682,4417416
1,1,2595622,510100,2,20201103,133602320,1.262000,34300,43286.600000,-,-,B,4417515,4417416
1,1,2608421,510100,2,20201103,133723250,1.261000,5000,6305.000000,-,-,S,4387271,4438986
1,1,2613730,510100,2,20201103,133754710,1.261000,1000,1261.000000,-,-,S,4387271,4447942
1,1,2630122,510100,2,20201103,133936280,1.261000,100,126.100000,-,-,S,4466479,4475359
1,1,2640628,510100,2,20201103,134024540,1.262000,58400,73700.800000,-,-,B,4491574,4468880
1,1,2668106,510100,2,20201103,134302460,1.261000,100,126.100000,-,-,S,4466479,4537221
1,1,2675087,510100,2,20201103,134343150,1.261000,2400,3026.400000,-,-,S,4466479,4548703
1,1,2675088,510100,2,20201103,134343150,1.261000,1000,1261.000000,-,-,S,4529783,4548703
1,1,2675089,510100,2,20201103,134343150,1.261000,6600,8322.600000,-,-,S,4547309,4548703
1,1,2693059,510100,2,20201103,134536820,1.262000,42600,53761.200000,-,-,B,4579310,4567559
1,1,2737513,510100,2,20201103,135015670,1.260000,100,126.000000,-,-,S,3901112,4652211
1,1,2737514,510100,2,20201103,135015670,1.260000,100,126.000000,-,-,S,4206474,4652211
1,1,2737515,510100,2,20201103,135015670,1.260000,2000,2520.000000,-,-,S,4241296,4652211
1,1,2737516,510100,2,20201103,135015670,1.260000,2500,3150.000000,-,-,S,4420887,4652211
1,1,2771370,510100,2,20201103,135403080,1.263000,900,1136.700000,-,-,B,4708997,4673486
1,1,2775209,510100,2,20201103,135437950,1.262000,700,883.400000,-,-,B,4715996,4712496
1,1,2778983,510100,2,20201103,135509550,1.261000,9000,11349.000000,-,-,S,4718701,4722340
1,1,2785241,510100,2,20201103,135550970,1.262000,240200,303132.400000,-,-,B,4732428,4712496
1,1,2787105,510100,2,20201103,135558470,1.262000,159100,200784.200000,-,-,B,4735123,4712496
1,1,2792608,510100,2,20201103,135632950,1.263000,200,252.600000,-,-,B,4743852,4730733
1,1,2833318,510100,2,20201103,140112220,1.261000,6600,8322.600000,-,-,S,4723884,4811356
1,1,2835134,510100,2,20201103,140121660,1.261000,10400,13114.400000,-,-,S,4723884,4814455
1,1,2843560,510100,2,20201103,140216460,1.262000,29300,36976.600000,-,-,B,4828775,4818859
1,1,2850216,510100,2,20201103,140236930,1.263000,400000,505200.000000,-,-,B,4837875,4735380
1,1,2850217,510100,2,20201103,140236930,1.263000,11900,15029.700000,-,-,B,4837875,4817907
1,1,2850218,510100,2,20201103,140236930,1.263000,400,505.200000,-,-,B,4837875,4827940
1,1,2852050,510100,2,20201103,140243630,1.262000,3500,4417.000000,-,-,S,4834182,4840356
1,1,2874118,510100,2,20201103,140457940,1.263000,20000,25260.000000,-,-,S,4874901,4875607
1,1,2882265,510100,2,20201103,140603290,1.263000,4000,5052.000000,-,-,S,4887917,4890966
1,1,2883074,510100,2,20201103,140610440,1.265000,400,506.000000,-,-,B,4892576,3768702
1,1,2883075,510100,2,20201103,140610440,1.265000,500,632.500000,-,-,B,4892576,4353484
1,1,2886038,510100,2,20201103,140634170,1.264000,100,126.400000,-,-,B,4897660,4896771
1,1,2910217,510100,2,20201103,140921900,1.264000,15800,19971.200000,-,-,B,4937756,4896771
1,1,2914821,510100,2,20201103,140946530,1.264000,185300,234219.200000,-,-,B,4944675,4896771
1,1,2915186,510100,2,20201103,140948500,1.264000,198800,251283.200000,-,-,B,4945260,4896771
1,1,2949276,510100,2,20201103,141238910,1.264000,600,758.400000,-,-,S,4997444,4998113
1,1,2950573,510100,2,20201103,141246450,1.264000,86400,109209.600000,-,-,B,5000066,4998113
1,1,2959003,510100,2,20201103,141345490,1.264000,300000,379200.000000,-,-,S,5012416,5014693
1,1,2962277,510100,2,20201103,141408860,1.264000,3000,3792.000000,-,-,S,5012416,5020455
1,1,2984267,510100,2,20201103,141654970,1.265000,300,379.500000,-,-,B,5060110,4353484
1,1,2984268,510100,2,20201103,141654970,1.265000,700,885.500000,-,-,B,5060110,4355447
1,1,2988599,510100,2,20201103,141727170,1.263000,1000,1263.000000,-,-,S,4964178,5067730
1,1,2988600,510100,2,20201103,141727170,1.263000,2000,2526.000000,-,-,S,5061728,5067730
1,1,2997748,510100,2,20201103,141826560,1.263000,1000,1263.000000,-,-,S,5061728,5081893
1,1,3001170,510100,2,20201103,141849500,1.264000,30600,38678.400000,-,-,B,5087438,5075883
1,1,3011438,510100,2,20201103,141953830,1.264000,50000,63200.000000,-,-,S,5091828,5103312
1,1,3023875,510100,2,20201103,142051170,1.264000,100,126.400000,-,-,S,5100680,5122401
1,1,3023876,510100,2,20201103,142051170,1.264000,1800,2275.200000,-,-,S,5121788,5122401
1,1,3045905,510100,2,20201103,142318410,1.264000,800,1011.200000,-,-,B,5159312,5156552
1,1,3048826,510100,2,20201103,142340550,1.264000,8300,10491.200000,-,-,S,5163065,5164487
1,1,3054332,510100,2,20201103,142423750,1.264000,1000,1264.000000,-,-,B,5174271,5172958
1,1,3056255,510100,2,20201103,142440170,1.263000,1900,2399.700000,-,-,S,5074196,5177741
1,1,3065427,510100,2,20201103,142546220,1.263000,400,505.200000,-,-,S,5074196,5192869
1,1,3067572,510100,2,20201103,142602900,1.263000,7700,9725.100000,-,-,S,5074196,5196683
1,1,3067573,510100,2,20201103,142602900,1.263000,2300,2904.900000,-,-,S,5194408,5196683
1,1,3068500,510100,2,20201103,142609230,1.263000,400,505.200000,-,-,S,5194408,5198132
1,1,3069642,510100,2,20201103,142617790,1.263000,100,126.300000,-,-,S,5194408,5200241
1,1,3074515,510100,2,20201103,142651860,1.264000,20000,25280.000000,-,-,B,5208100,5188831
1,1,3081242,510100,2,20201103,142741510,1.264000,11800,14915.200000,-,-,B,5218737,5188831
1,1,3093709,510100,2,20201103,142906660,1.263000,7200,9093.600000,-,-,S,5194408,5238718
1,1,3123778,510100,2,20201103,143143990,1.263000,20900,26396.700000,-,-,S,5285619,5285824
1,1,3132300,510100,2,20201103,143233890,1.263000,100,126.300000,-,-,B,5299233,5297591
1,1,3134623,510100,2,20201103,143248050,1.263000,250100,315876.300000,-,-,B,5302890,5302766
1,1,3134645,510100,2,20201103,143248340,1.263000,249900,315623.700000,-,-,B,5302957,5302766
1,1,3163486,510100,2,20201103,143530490,1.263000,4200,5304.600000,-,-,B,5347418,5314892
1,1,3163487,510100,2,20201103,143530490,1.263000,245900,310571.700000,-,-,B,5347418,5321094
1,1,3163552,510100,2,20201103,143531000,1.263000,250100,315876.300000,-,-,B,5347526,5321094
1,1,3163638,510100,2,20201103,143531430,1.263000,4000,5052.000000,-,-,B,5347641,5321094
1,1,3163639,510100,2,20201103,143531430,1.263000,500,631.500000,-,-,B,5347641,5334801
1,1,3176082,510100,2,20201103,143639400,1.263000,200,252.600000,-,-,B,5367605,5356938
1,1,3176083,510100,2,20201103,143639400,1.263000,19800,25007.400000,-,-,B,5367605,5358826
1,1,3182399,510100,2,20201103,143715080,1.262000,200,252.400000,-,-,S,4968241,5377649
1,1,3189889,510100,2,20201103,143753730,1.263000,100,126.300000,-,-,B,5388403,5369334
1,1,3225144,510100,2,20201103,144045280,1.264000,2000,2528.000000,-,-,B,5440979,5410866
1,1,3232526,510100,2,20201103,144118620,1.263000,40000,50520.000000,-,-,S,5435089,5452145
1,1,3233830,510100,2,20201103,144125100,1.263000,2100,2652.300000,-,-,S,5435089,5454157
1,1,3235069,510100,2,20201103,144132720,1.264000,2400,3033.600000,-,-,B,5456346,5410866
1,1,3248383,510100,2,20201103,144227260,1.265000,1600,2024.000000,-,-,B,5473858,4355447
1,1,3249727,510100,2,20201103,144233650,1.263000,2000,2526.000000,-,-,S,5435089,5475876
1,1,3253534,510100,2,20201103,144251480,1.264000,1000,1264.000000,-,-,B,5481543,5475651
1,1,3260909,510100,2,20201103,144328310,1.265000,5400,6831.000000,-,-,B,5492897,4355447
1,1,3260910,510100,2,20201103,144328310,1.265000,1200,1518.000000,-,-,B,5492897,4477457
1,1,3260911,510100,2,20201103,144328310,1.265000,100,126.500000,-,-,B,5492897,5058188
1,1,3260912,510100,2,20201103,144328310,1.265000,100,126.500000,-,-,B,5492897,5123749
1,1,3260913,510100,2,20201103,144328310,1.265000,8000,10120.000000,-,-,B,5492897,5367289
1,1,3260914,510100,2,20201103,144328310,1.265000,20200,25553.000000,-,-,B,5492897,5484828
1,1,3264564,510100,2,20201103,144346760,1.264000,13500,17064.000000,-,-,S,5484792,5498535
1,1,3333817,510100,2,20201103,144919570,1.264000,3800,4803.200000,-,-,S,5484792,5607248
1,1,3333818,510100,2,20201103,144919570,1.264000,10000,12640.000000,-,-,S,5488607,5607248
1,1,3333819,510100,2,20201103,144919570,1.264000,10000,12640.000000,-,-,S,5520372,5607248
1,1,3333820,510100,2,20201103,144919570,1.264000,3000,3792.000000,-,-,S,5590373,5607248
1,1,3336533,510100,2,20201103,144932980,1.263000,5000,6315.000000,-,-,S,5435089,5611816
1,1,3338539,510100,2,20201103,144943050,1.263000,100,126.300000,-,-,S,5435089,5615187
1,1,3343448,510100,2,20201103,145002730,1.264000,900,1137.600000,-,-,B,5622598,5608018
1,1,3344845,510100,2,20201103,145005710,1.264000,100,126.400000,-,-,B,5624468,5608018
1,1,3352085,510100,2,20201103,145031000,1.264000,500,632.000000,-,-,B,5635083,5608018
1,1,3376982,510100,2,20201103,145202700,1.264000,1900,2401.600000,-,-,B,5671347,5608018
1,1,3392197,510100,2,20201103,145257560,1.263000,800,1010.400000,-,-,S,5435089,5692203
1,1,3436683,510100,2,20201103,145520970,1.265000,11100,14041.500000,-,-,B,5756452,5753914
1,1,3462523,510100,2,20201103,145642690,1.265000,92400,116886.000000,-,-,B,5791752,5753914
1,1,3464992,510100,2,20201103,145651100,1.264000,5000,6320.000000,-,-,S,5787759,5794945
1,1,3467847,510100,2,20201103,145719590,1.264000,1800,2275.200000,-,-,B,5803972,5794945
1,1,3467848,510100,2,20201103,145719590,1.264000,3200,4044.800000,-,-,B,5803972,5797241
1,1,3467865,510100,2,20201103,145720860,1.263000,5000,6315.000000,-,-,S,5465327,5804296
1,1,3469228,510100,2,20201103,145834490,1.264000,3000,3792.000000,-,-,B,5820581,5797241
1,1,3469860,510100,2,20201103,145907790,1.264000,8100,10238.400000,-,-,B,5827300,5797241
1,1,3470621,510100,2,20201103,145942560,1.264000,100,126.400000,-,-,B,5834624,5797241
1,1,3470789,510100,2,20201103,145950720,1.264000,10000,12640.000000,-,-,B,5836581,5797241
1,1,3470936,510100,2,20201103,145957840,1.264000,500,632.000000,-,-,B,5838305,5797241
